First Name,Last Name
CHARLES,LastNameB
JOSEPH,LastNameC
MICHAEL,LastNameF
WILLIAM,LastNameB
WILLIAM,LastNameB
JOSEPH,LastNameB
WILLIAM,LastNameF
RICHARD,LastNameF
CHARLES,LastNameC
WILLIAM,LastNameF
CHARLES,LastNameC
WILLIAM,LastNameE
DAVID,LastNameE
CHARLES,LastNameE
CHARLES,LastNameC
ROBERT,LastNameC
JOSEPH,LastNameE
WILLIAM,LastNameD
MICHAEL,LastNameC
WILLIAM,LastNameD
First Name,Last Name
JOSEPH,LastNameC,New York,32,Swayambhu
RICHARD,LastNameE,Balaju,21,Swayambhu
CHARLES,LastNameC,Pokhara,3,Sundhara
RICHARD,LastNameC,Toronto,12,Jawalkhele
WILLIAM,LastNameF,Toronto,3,Swayambhu
MICHAEL,LastNameF,Dubai,2,Evans 
DAVID,LastNameE,New York,32,Jawalkhele
WILLIAM,LastNameE,Toronto,32,Jawalkhele
JOSEPH,LastNameF,Dubai,34,Evans 
DAVID,LastNameF,Toronto,32,Evans 
ROBERT,LastNameE,Toronto,3,Sundhara
RICHARD,LastNameE,Balaju,32,Jawalkhele
RICHARD,LastNameE,Toronto,12,Jawalkhele
RICHARD,LastNameF,New York,34,Jawalkhele
JOSEPH,LastNameE,Pokhara,34,Sundhara
DAVID,LastNameE,Pokhara,12,Sundhara
WILLIAM,LastNameB,New York,12,Jawalkhele
JOHN,LastNameE,Toronto,21,Swayambhu
ROBERT,LastNameE,Pokhara,34,Evans 
DAVID,LastNameF,Halifax,32,Jawalkhele
First Name,Last Name
WILLIAM,LastName6,Dubai,2,Jawalkhele,Canada,PostCode7,Province3
WILLIAM,LastName5,Pokhara,3,Swayambhu,Canada,PostCode2,Province6
CHARLES,LastName7,New York,32,Evans ,Canada,PostCode8,Province6
JOHN,LastName3,Dubai,21,Sundhara,Canada,PostCode7,Province2
CHARLES,LastName6,New York,34,Sundhara,Canada,PostCode4,Province6
ROBERT,LastName8,Halifax,21,Jawalkhele,Canada,PostCode9,Province7
MICHAEL,LastName2,Toronto,2,Jawalkhele,Canada,PostCode6,Province5
MICHAEL,LastName5,Dubai,3,Swayambhu,Canada,PostCode6,Province5
JOHN,LastName7,Halifax,34,Jawalkhele,Canada,PostCode8,Province7
CHARLES,LastName8,New York,21,Sundhara,Canada,PostCode5,Province3
JOHN,LastName7,Pokhara,3,Sundhara,Canada,PostCode3,Province2
CHARLES,LastName3,Halifax,32,Sundhara,Canada,PostCode7,Province2
CHARLES,LastName7,Dubai,3,Jawalkhele,Canada,PostCode7,Province4
DAVID,LastName4,Balaju,34,Sundhara,Canada,PostCode2,Province6
MICHAEL,LastName2,Toronto,21,Evans ,Canada,PostCode8,Province2
JOSEPH,LastName3,Toronto,12,Sundhara,Canada,PostCode4,Province7
RICHARD,LastName5,Toronto,32,Evans ,Canada,PostCode7,Province4
ROBERT,LastName2,Balaju,2,Jawalkhele,Canada,PostCode5,Province5
CHARLES,LastName4,Toronto,34,Swayambhu,Canada,PostCode8,Province3
JOSEPH,LastName3,New York,21,Swayambhu,Canada,PostCode7,Province5
First Name,Last Name
DAVID,LastName6,New York,32,Evans ,Canada,PostCode2,Province4
RICHARD,LastName3,Pokhara,21,Evans ,Canada,PostCode9,Province3
JOSEPH,LastName7,Toronto,3,Evans ,Canada,PostCode4,Province5
ROBERT,LastName8,Halifax,12,Swayambhu,Canada,PostCode7,Province4
JOSEPH,LastName7,Toronto,3,Sundhara,Canada,PostCode7,Province6
CHARLES,LastName5,Toronto,3,Evans ,Canada,PostCode4,Province3
CHARLES,LastName7,Dubai,34,Evans ,Canada,PostCode4,Province5
ROBERT,LastName6,New York,21,Sundhara,Canada,PostCode4,Province5
JOSEPH,LastName2,Pokhara,2,Swayambhu,Canada,PostCode9,Province6
RICHARD,LastName4,Dubai,34,Jawalkhele,Canada,PostCode9,Province4
DAVID,LastName4,Toronto,32,Swayambhu,Canada,PostCode9,Province7
CHARLES,LastName6,New York,21,Sundhara,Canada,PostCode4,Province7
CHARLES,LastName5,New York,32,Sundhara,Canada,PostCode4,Province2
CHARLES,LastName3,New York,32,Evans ,Canada,PostCode6,Province5
MICHAEL,LastName3,Dubai,21,Jawalkhele,Canada,PostCode3,Province4
CHARLES,LastName5,New York,32,Swayambhu,Canada,PostCode4,Province7
CHARLES,LastName2,Halifax,32,Sundhara,Canada,PostCode4,Province3
MICHAEL,LastName5,Dubai,2,Sundhara,Canada,PostCode3,Province5
CHARLES,LastName6,Pokhara,2,Sundhara,Canada,PostCode6,Province6
ROBERT,LastName3,New York,32,Evans ,Canada,PostCode9,Province4
First Name,Last Name
WILLIAM,LastName7,Balaju,34,Jawalkhele,Canada,PostCode9,Province6
ROBERT,LastName7,Dubai,21,Swayambhu,Canada,PostCode8,Province6
WILLIAM,LastName8,Toronto,12,Sundhara,Canada,PostCode9,Province7
JOHN,LastName6,New York,32,Sundhara,Canada,PostCode4,Province3
CHARLES,LastName5,Dubai,32,Sundhara,Canada,PostCode4,Province4
JOHN,LastName7,Toronto,3,Sundhara,Canada,PostCode7,Province6
WILLIAM,LastName4,Dubai,34,Swayambhu,Canada,PostCode8,Province7
JOHN,LastName5,Pokhara,21,Sundhara,Canada,PostCode4,Province7
WILLIAM,LastName8,Toronto,2,Swayambhu,Canada,PostCode4,Province7
ROBERT,LastName3,Pokhara,21,Sundhara,Canada,PostCode2,Province6
WILLIAM,LastName2,Balaju,32,Swayambhu,Canada,PostCode5,Province5
MICHAEL,LastName8,Dubai,3,Evans ,Canada,PostCode7,Province6
JOSEPH,LastName2,Toronto,34,Evans ,Canada,PostCode9,Province6
JOSEPH,LastName4,New York,3,Swayambhu,Canada,PostCode4,Province2
MICHAEL,LastName5,Pokhara,12,Jawalkhele,Canada,PostCode5,Province6
CHARLES,LastName8,Halifax,34,Evans ,Canada,PostCode2,Province3
ROBERT,LastName4,Halifax,3,Swayambhu,Canada,PostCode7,Province5
MICHAEL,LastName6,Halifax,34,Evans ,Canada,PostCode5,Province5
RICHARD,LastName7,Halifax,2,Sundhara,Canada,PostCode4,Province3
ROBERT,LastName2,New York,2,Jawalkhele,Canada,PostCode4,Province5
